Kernel name,Computation duration (ns),Global size,Local size,BLOCK_SIZE,GRID_SIZE,PRECISION,LOOP_UNROLL_REDUCE_1,LOOP_UNROLL_REDUCE_2,TEXTURE_MEMORY,KERNEL_SHARED_MEMORY_SIZE,Maximum work-group size,Local memory size,Private memory size,Constant memory size,Registers count
reduce_helper,84098528,32,1,1,32,32,0,0,0,1,1024,16,0,0,15
reduce_helper,749568,4096,16,16,256,32,1,0,0,1,1024,256,0,0,15
reduce_helper,101728,262144,512,512,512,32,0,0,0,1,1024,8192,0,0,14
reduce_helper,99872,131072,128,128,1024,32,0,1,0,1,1024,2048,0,0,14
reduce_helper,98368,131072,512,512,256,64,1,0,0,1,1024,16384,0,0,16
reduce_helper,44461824,32,8,8,4,64,1,1,0,1,1024,256,0,0,15
reduce_helper,11112864,256,128,128,2,32,0,1,0,1,1024,2048,0,0,14
reduce_helper,43513792,32,2,2,16,64,0,1,0,1,1024,64,0,0,16
reduce_helper,12021120,128,64,64,2,64,0,1,0,1,1024,2048,0,0,15
reduce_helper,3058432,512,64,64,8,64,0,0,0,1,1024,2048,0,0,16
reduce_helper,116064,32768,128,128,256,64,1,0,0,1,1024,4096,0,0,16
reduce_helper,103296,262144,256,256,1024,64,1,0,0,1,1024,8192,0,0,16
reduce_helper,86009376,16,1,1,16,64,1,0,0,1,1024,32,0,0,16
reduce_helper,806624,2048,2,2,1024,64,1,0,0,1,1024,64,0,0,16
reduce_helper,88501728,16,16,16,1,64,1,0,0,1,1024,512,0,0,16
reduce_helper,5490656,256,1,1,256,64,1,1,0,1,1024,32,0,0,16
reduce_helper,2774112,512,1,1,512,64,0,1,0,1,1024,32,0,0,16
reduce_helper,149696,16384,128,128,128,64,0,1,0,1,1024,4096,0,0,16
reduce_helper,1540864,1024,128,128,8,64,0,1,0,1,1024,4096,0,0,16
reduce_helper,1520000,1024,128,128,8,64,0,0,0,1,1024,4096,0,0,16
reduce_helper,232864,8192,64,64,128,64,0,1,0,1,1024,2048,0,0,15
reduce_helper,21860896,64,16,16,4,64,0,1,0,1,1024,512,0,0,15
reduce_helper,10516288,128,1,1,128,64,0,1,0,1,1024,32,0,0,16
reduce_helper,467072,4096,512,512,8,64,0,1,0,1,1024,16384,0,0,16
reduce_helper,99264,65536,256,256,256,64,0,1,0,1,1024,8192,0,0,16
reduce_helper,3172576,512,256,256,2,64,1,1,0,1,1024,8192,0,0,16
reduce_helper,44277152,32,16,16,2,64,0,1,0,1,1024,512,0,0,15
reduce_helper,100416,131072,256,256,512,64,1,1,0,1,1024,8192,0,0,16
reduce_helper,3037408,1024,4,4,256,32,0,1,0,1,1024,64,0,0,14
reduce_helper,93443584,16,4,4,4,64,0,1,0,1,1024,128,0,0,16
reduce_helper,2878016,512,16,16,32,64,0,1,0,1,1024,512,0,0,15
reduce_helper,6483104,256,256,256,1,64,1,1,0,1,1024,8192,0,0,16
reduce_helper,1516896,1024,2,2,512,64,0,1,0,1,1024,64,0,0,16
reduce_helper,104832,262144,1024,1024,256,32,0,1,0,1,1024,16384,0,0,14
reduce_helper,766016,2048,8,8,256,64,1,1,0,1,1024,256,0,0,15
reduce_helper,156960,16384,16,16,1024,64,0,1,0,1,1024,512,0,0,15
reduce_helper,104896,65536,256,256,256,64,1,1,0,1,1024,8192,0,0,16
reduce_helper,11281184,128,16,16,8,64,0,1,0,1,1024,512,0,0,15
reduce_helper,98464,262144,256,256,1024,64,0,1,0,1,1024,8192,0,0,16
reduce_helper,3048640,512,64,64,8,64,0,1,0,1,1024,2048,0,0,15
reduce_helper,765824,2048,8,8,256,64,0,1,0,1,1024,256,0,0,15
reduce_helper,845120,4096,256,256,16,32,0,1,0,1,1024,4096,0,0,14
reduce_helper,249216,16384,16,16,1024,32,0,1,0,1,1024,256,0,0,13
reduce_helper,5347776,512,16,16,32,32,1,1,0,1,1024,256,0,0,13
reduce_helper,84089568,32,16,16,2,32,0,0,0,1,1024,256,0,0,15
reduce_helper,104576,262144,1024,1024,256,32,0,0,0,1,1024,16384,0,0,14
reduce_helper,1365248,2048,64,64,32,32,0,0,0,1,1024,1024,0,0,15
reduce_helper,2672128,1024,8,8,128,32,0,0,0,1,1024,128,0,0,15
reduce_helper,1060448,2048,1024,1024,2,64,0,0,0,1,1024,32768,0,0,16
reduce_helper,228320,16384,64,64,256,32,1,0,0,1,1024,1024,0,0,15
reduce_helper,129760,65536,128,128,512,32,0,0,0,1,1024,2048,0,0,14
reduce_helper,248320,16384,16,16,1024,32,0,0,0,1,1024,256,0,0,15
reduce_helper,2027296,2048,1024,1024,2,32,0,0,0,1,1024,16384,0,0,14
reduce_helper,10068096,256,1,1,256,32,1,0,0,1,1024,16,0,0,15
reduce_helper,1440960,2048,4,4,512,32,0,0,0,1,1024,64,0,0,15
reduce_helper,2641184,1024,1,1,1024,32,0,0,0,1,1024,16,0,0,15
reduce_helper,6568288,512,512,512,1,32,0,0,0,1,1024,8192,0,0,14
reduce_helper,156915136,16,2,2,8,32,0,0,0,1,1024,32,0,0,15
reduce_helper,110144,1048576,1024,1024,1024,32,0,0,0,1,1024,16384,0,0,14
reduce_helper,383872,8192,128,128,64,32,0,0,0,1,1024,2048,0,0,14
reduce_helper,469113568,4,1,1,4,32,0,0,0,1,1024,16,0,0,15
reduce_helper,261024,16384,512,512,32,32,0,0,0,1,1024,8192,0,0,14
reduce_helper,101728,524288,1024,1024,512,32,1,0,0,1,1024,16384,0,0,14
reduce_helper,77510016,32,1,1,32,32,1,0,0,1,1024,16,0,0,15
reduce_helper,9982272,256,4,4,64,32,1,0,0,1,1024,64,0,0,15
reduce_helper,102400,524288,1024,1024,512,64,0,0,0,1,1024,32768,0,0,16
reduce_helper,104608,524288,1024,1024,512,32,0,1,0,1,1024,16384,0,0,14
reduce_helper,114272,32768,64,64,512,64,1,0,0,1,1024,2048,0,0,16
reduce_helper,102624,131072,256,256,512,32,1,1,0,1,1024,4096,0,0,14
reduce_helper,162976,32768,1024,1024,32,32,1,1,0,1,1024,16384,0,0,14
reduce_helper,105536,131072,1024,1024,128,32,0,0,0,1,1024,16384,0,0,14
reduce_helper,98016,65536,128,128,512,64,1,0,0,1,1024,4096,0,0,16
reduce_helper,41681344,32,2,2,16,64,1,0,0,1,1024,64,0,0,16
reduce_helper,1505888,1024,128,128,8,64,1,0,0,1,1024,4096,0,0,16
reduce_helper,96960,262144,512,512,512,64,1,1,0,1,1024,16384,0,0,16
reduce_helper,229728,8192,16,16,512,64,0,1,0,1,1024,512,0,0,15
reduce_helper,3468064,1024,512,512,2,32,1,1,0,1,1024,8192,0,0,14
reduce_helper,115488,32768,256,256,128,64,1,1,0,1,1024,8192,0,0,16
reduce_helper,254783,8192,512,512,16,64,1,0,0,1,1024,16384,0,0,16
reduce_helper,810240,2048,2,2,1024,64,1,1,0,1,1024,64,0,0,16
reduce_helper,474112,4096,512,512,8,64,1,0,0,1,1024,16384,0,0,16
reduce_helper,85870176,16,8,8,2,64,1,1,0,1,1024,256,0,0,15
reduce_helper,11535776,128,64,64,2,64,1,1,0,1,1024,2048,0,0,15
reduce_helper,100128,524288,1024,1024,512,64,1,1,0,1,1024,32768,0,0,16
reduce_helper,6426944,512,512,512,1,32,1,1,0,1,1024,8192,0,0,14
reduce_helper,42581440,32,4,4,8,64,1,1,0,1,1024,128,0,0,16
reduce_helper,153664,16384,64,64,256,64,1,1,0,1,1024,2048,0,0,15
reduce_helper,2742944,512,8,8,64,64,1,1,0,1,1024,256,0,0,15
reduce_helper,465280,4096,4,4,1024,64,1,1,0,1,1024,128,0,0,16
reduce_helper,1698816,1024,512,512,2,64,1,0,0,1,1024,16384,0,0,16
reduce_helper,3260704,512,512,512,1,64,1,1,0,1,1024,16384,0,0,16
reduce_helper,83006816,16,1,1,16,64,1,1,0,1,1024,32,0,0,16
reduce_helper,149760,16384,16,16,1024,64,1,1,0,1,1024,512,0,0,15
reduce_helper,406976,4096,64,64,64,64,1,1,0,1,1024,2048,0,0,15
reduce_helper,1419776,1024,16,16,64,64,0,1,0,1,1024,512,0,0,15
reduce_helper,102464,65536,512,512,128,64,1,1,0,1,1024,16384,0,0,16
reduce_helper,2978528,512,128,128,4,64,1,1,0,1,1024,4096,0,0,16
reduce_helper,41515872,32,1,1,32,64,1,1,0,1,1024,32,0,0,16
reduce_helper,777600,2048,128,128,16,64,1,1,0,1,1024,4096,0,0,16
reduce_helper,892640,2048,512,512,4,64,1,0,0,1,1024,16384,0,0,16
reduce_helper,397952,4096,16,16,256,64,1,1,0,1,1024,512,0,0,15
reduce_helper,98048,524288,512,512,1024,64,0,1,0,1,1024,16384,0,0,16
reduce_helper,102240,131072,128,128,1024,64,0,1,0,1,1024,4096,0,0,16
reduce_helper,102240,262144,256,256,1024,64,0,0,0,1,1024,8192,0,0,16
reduce_helper,466336,4096,512,512,8,64,0,0,0,1,1024,16384,0,0,16
reduce_helper,1498560,1024,64,64,16,64,0,1,0,1,1024,2048,0,0,15
reduce_helper,111520,32768,128,128,256,64,0,1,0,1,1024,4096,0,0,16
reduce_helper,97440,131072,1024,1024,128,64,0,1,0,1,1024,32768,0,0,16
reduce_helper,101632,131072,1024,1024,128,32,0,1,0,1,1024,16384,0,0,14
reduce_helper,460768,4096,256,256,16,64,0,1,0,1,1024,8192,0,0,16
reduce_helper,10021280,256,2,2,128,32,0,1,0,1,1024,32,0,0,14
reduce_helper,150496,16384,256,256,64,64,0,1,0,1,1024,8192,0,0,16
reduce_helper,21197376,64,4,4,16,64,0,1,0,1,1024,128,0,0,16
reduce_helper,396000,4096,16,16,256,64,0,1,0,1,1024,512,0,0,15
reduce_helper,118944,32768,1024,1024,32,64,0,0,0,1,1024,32768,0,0,16
reduce_helper,404480,8192,64,64,128,32,0,1,0,1,1024,1024,0,0,13
reduce_helper,2684960,1024,8,8,128,32,0,1,0,1,1024,128,0,0,14
reduce_helper,114272,32768,256,256,128,64,0,1,0,1,1024,8192,0,0,16
reduce_helper,2019872,1024,1024,1024,1,64,0,1,0,1,1024,32768,0,0,16
reduce_helper,120160,32768,1024,1024,32,64,1,1,0,1,1024,32768,0,0,16
reduce_helper,103776,131072,1024,1024,128,64,1,1,0,1,1024,32768,0,0,16
reduce_helper,5535456,256,2,2,128,64,1,1,0,1,1024,64,0,0,16
reduce_helper,10525664,128,1,1,128,64,0,0,0,1,1024,32,0,0,16
reduce_helper,101184,65536,1024,1024,64,64,0,0,0,1,1024,32768,0,0,16
reduce_helper,161664,16384,1024,1024,16,64,0,0,0,1,1024,32768,0,0,16
reduce_helper,869792,2048,256,256,8,64,0,1,0,1,1024,8192,0,0,16
reduce_helper,161120,16384,1024,1024,16,64,1,1,0,1,1024,32768,0,0,16
reduce_helper,10544992,128,4,4,32,64,0,1,0,1,1024,128,0,0,16
reduce_helper,99840,524288,1024,1024,512,64,0,1,0,1,1024,32768,0,0,16
reduce_helper,3995136,1024,1024,1024,1,32,0,1,0,1,1024,16384,0,0,14
reduce_helper,803744,2048,4,4,512,64,0,1,0,1,1024,128,0,0,16
reduce_helper,21304608,64,8,8,8,64,0,1,0,1,1024,256,0,0,15
reduce_helper,411808,4096,128,128,32,64,0,1,0,1,1024,4096,0,0,16
reduce_helper,228960,16384,128,128,128,32,0,1,0,1,1024,2048,0,0,14
reduce_helper,98720,65536,1024,1024,64,64,1,1,0,1,1024,32768,0,0,16
reduce_helper,102368,131072,512,512,256,64,0,1,0,1,1024,16384,0,0,16
reduce_helper,256224,8192,512,512,16,64,0,1,0,1,1024,16384,0,0,16
reduce_helper,150432,16384,128,128,128,64,0,0,0,1,1024,4096,0,0,16
reduce_helper,546304,4096,1024,1024,4,64,0,0,0,1,1024,32768,0,0,16
reduce_helper,1461792,1024,4,4,256,64,0,1,0,1,1024,128,0,0,16
reduce_helper,39678336,64,4,4,16,32,0,1,0,1,1024,64,0,0,14
reduce_helper,104288,65536,512,512,128,64,0,1,0,1,1024,16384,0,0,16
reduce_helper,10618592,128,8,8,16,64,0,1,0,1,1024,256,0,0,15
reduce_helper,960992,4096,512,512,8,32,0,1,0,1,1024,8192,0,0,14
reduce_helper,104576,262144,512,512,512,32,0,1,0,1,1024,8192,0,0,14
reduce_helper,3532608,1024,512,512,2,32,0,1,0,1,1024,8192,0,0,14
reduce_helper,509422944,2,1,1,2,64,0,1,0,1,1024,32,0,0,16
reduce_helper,2840192,512,4,4,128,64,0,1,0,1,1024,128,0,0,16
reduce_helper,112352,32768,512,512,64,64,0,1,0,1,1024,16384,0,0,16
reduce_helper,41524864,32,1,1,32,64,0,1,0,1,1024,32,0,0,16
reduce_helper,101152,65536,512,512,128,64,1,0,0,1,1024,16384,0,0,16
reduce_helper,20960192,64,1,1,64,64,1,0,0,1,1024,32,0,0,16
reduce_helper,1684896,1024,512,512,2,64,1,1,0,1,1024,16384,0,0,16
reduce_helper,1750176,1024,512,512,2,64,0,0,0,1,1024,16384,0,0,16
reduce_helper,1474272,1024,2,2,512,64,1,0,0,1,1024,64,0,0,16
reduce_helper,253600,8192,8,8,1024,64,1,0,0,1,1024,256,0,0,16
reduce_helper,1408768,1024,8,8,128,64,0,0,0,1,1024,256,0,0,16
reduce_helper,10529088,128,4,4,32,64,1,0,0,1,1024,128,0,0,16
reduce_helper,900192,2048,512,512,4,64,0,0,0,1,1024,16384,0,0,16
reduce_helper,99040,131072,512,512,256,64,0,0,0,1,1024,16384,0,0,16
reduce_helper,259680,8192,512,512,16,64,0,0,0,1,1024,16384,0,0,16
reduce_helper,2866464,512,2,2,256,64,0,1,0,1,1024,64,0,0,16
reduce_helper,10084032,256,1,1,256,32,0,0,0,1,1024,16,0,0,15
reduce_helper,100256,65536,256,256,256,64,0,0,0,1,1024,8192,0,0,16
reduce_helper,43022048,32,8,8,4,64,0,0,0,1,1024,256,0,0,16
reduce_helper,20941984,64,1,1,64,64,0,0,0,1,1024,32,0,0,16
reduce_helper,171074560,8,4,4,2,64,0,0,0,1,1024,128,0,0,16
reduce_helper,1476416,1024,2,2,512,64,0,0,0,1,1024,64,0,0,16
reduce_helper,5880320,256,64,64,4,64,0,0,0,1,1024,2048,0,0,16
reduce_helper,241568,8192,256,256,32,64,0,0,0,1,1024,8192,0,0,16
reduce_helper,741696,2048,16,16,128,64,0,0,0,1,1024,512,0,0,16
reduce_helper,149248,16384,128,128,128,64,1,0,0,1,1024,4096,0,0,16
reduce_helper,163168,16384,1024,1024,16,64,1,0,0,1,1024,32768,0,0,16
reduce_helper,11510144,128,128,128,1,64,1,0,0,1,1024,4096,0,0,16
reduce_helper,5906368,256,128,128,2,64,0,0,0,1,1024,4096,0,0,16
reduce_helper,723264,4096,128,128,32,32,1,0,0,1,1024,2048,0,0,14
reduce_helper,2685536,1024,8,8,128,32,1,0,0,1,1024,128,0,0,15
reduce_helper,413920,4096,8,8,512,64,1,0,0,1,1024,256,0,0,16
reduce_helper,2855392,512,2,2,256,64,1,0,0,1,1024,64,0,0,16
reduce_helper,42514368,32,4,4,8,64,1,0,0,1,1024,128,0,0,16
reduce_helper,100416,65536,128,128,512,64,1,1,0,1,1024,4096,0,0,16
reduce_helper,5885600,256,128,128,2,64,1,1,0,1,1024,4096,0,0,16
reduce_helper,113184,65536,128,128,512,32,0,1,0,1,1024,2048,0,0,14
reduce_helper,145408,32768,64,64,512,32,1,1,0,1,1024,1024,0,0,13
reduce_helper,691254464,1,1,1,1,64,1,1,0,1,1024,32,0,0,16
reduce_helper,21006656,64,2,2,32,64,1,1,0,1,1024,64,0,0,16
reduce_helper,1466720,1024,1,1,1024,64,1,1,0,1,1024,32,0,0,16
reduce_helper,293248,8192,1024,1024,8,64,1,1,0,1,1024,32768,0,0,16
reduce_helper,44296256,32,16,16,2,64,1,1,0,1,1024,512,0,0,15
reduce_helper,104416,524288,512,512,1024,64,1,1,0,1,1024,16384,0,0,16
reduce_helper,21864480,64,16,16,4,64,1,1,0,1,1024,512,0,0,15
reduce_helper,5870752,256,64,64,4,64,1,1,0,1,1024,2048,0,0,15
reduce_helper,225344,8192,128,128,64,64,0,1,0,1,1024,4096,0,0,16
reduce_helper,5882944,256,128,128,2,64,1,0,0,1,1024,4096,0,0,16
reduce_helper,110752,32768,512,512,64,64,1,1,0,1,1024,16384,0,0,16
reduce_helper,1396448,1024,8,8,128,64,1,1,0,1,1024,256,0,0,15
reduce_helper,2979296,512,128,128,4,64,1,0,0,1,1024,4096,0,0,16
reduce_helper,99296,1048576,1024,1024,1024,64,1,1,0,1,1024,32768,0,0,16
reduce_helper,20956768,64,1,1,64,64,1,1,0,1,1024,32,0,0,16
reduce_helper,465472,4096,512,512,8,64,1,1,0,1,1024,16384,0,0,16
reduce_helper,88376800,16,16,16,1,64,1,1,0,1,1024,512,0,0,15
reduce_helper,5436448,256,8,8,32,64,1,1,0,1,1024,256,0,0,15
reduce_helper,97888,65536,64,64,1024,64,1,0,0,1,1024,2048,0,0,16
reduce_helper,712288,4096,64,64,64,32,1,0,0,1,1024,1024,0,0,15
reduce_helper,1456288,1024,4,4,256,64,1,0,0,1,1024,128,0,0,16
reduce_helper,21004288,64,2,2,32,64,1,0,0,1,1024,64,0,0,16
reduce_helper,816000,2048,4,4,512,64,1,0,0,1,1024,128,0,0,16
reduce_helper,171074880,8,4,4,2,64,1,0,0,1,1024,128,0,0,16
reduce_helper,101696,1048576,1024,1024,1024,32,1,0,0,1,1024,16384,0,0,14
reduce_helper,2009120,1024,1024,1024,1,64,1,0,0,1,1024,32768,0,0,16
reduce_helper,466048,8192,8,8,1024,32,1,0,0,1,1024,128,0,0,15
reduce_helper,866240,2048,256,256,8,64,1,0,0,1,1024,8192,0,0,16
reduce_helper,767488,2048,64,64,32,64,1,0,0,1,1024,2048,0,0,16
reduce_helper,6202752,256,256,256,1,64,1,0,0,1,1024,8192,0,0,16
reduce_helper,398272,4096,16,16,256,64,1,0,0,1,1024,512,0,0,16
reduce_helper,5432800,256,8,8,32,64,1,0,0,1,1024,256,0,0,16
reduce_helper,811360,2048,2,2,1024,64,0,0,0,1,1024,64,0,0,16
reduce_helper,341872160,4,4,4,1,64,1,0,0,1,1024,128,0,0,16
reduce_helper,1466112,1024,1,1,1024,64,1,0,0,1,1024,32,0,0,16
reduce_helper,115840,32768,1024,1024,32,64,1,0,0,1,1024,32768,0,0,16
reduce_helper,42205152,64,64,64,1,32,1,0,0,1,1024,1024,0,0,15
reduce_helper,1418688,2048,2,2,1024,32,1,0,0,1,1024,32,0,0,15
reduce_helper,100704,131072,256,256,512,64,1,0,0,1,1024,8192,0,0,16
reduce_helper,113824,32768,64,64,512,64,0,0,0,1,1024,2048,0,0,16
reduce_helper,101792,524288,512,512,1024,64,1,0,0,1,1024,16384,0,0,16
reduce_helper,21160960,64,4,4,16,64,1,0,0,1,1024,128,0,0,16
reduce_helper,1471872,1024,1,1,1024,64,0,0,0,1,1024,32,0,0,16
reduce_helper,152576,16384,16,16,1024,64,1,0,0,1,1024,512,0,0,16
reduce_helper,2798784,512,16,16,32,64,1,0,0,1,1024,512,0,0,16
reduce_helper,230464,8192,128,128,64,64,1,0,0,1,1024,4096,0,0,16
reduce_helper,44323104,32,16,16,2,64,1,0,0,1,1024,512,0,0,16
reduce_helper,11009632,128,16,16,8,64,1,0,0,1,1024,512,0,0,16
reduce_helper,11554912,128,64,64,2,64,0,0,0,1,1024,2048,0,0,16
reduce_helper,151008,16384,16,16,1024,64,0,0,0,1,1024,512,0,0,16
reduce_helper,101344,262144,256,256,1024,32,1,0,0,1,1024,4096,0,0,14
reduce_helper,101664,131072,128,128,1024,32,1,0,0,1,1024,2048,0,0,14
reduce_helper,762976,2048,64,64,32,64,0,0,0,1,1024,2048,0,0,16
reduce_helper,98368,65536,256,256,256,64,1,0,0,1,1024,8192,0,0,16
reduce_helper,100800,524288,512,512,1024,64,0,0,0,1,1024,16384,0,0,16
reduce_helper,149376,16384,64,64,256,64,1,0,0,1,1024,2048,0,0,16
reduce_helper,1059264,2048,1024,1024,2,64,1,0,0,1,1024,32768,0,0,16
reduce_helper,113120,65536,64,64,1024,32,1,1,0,1,1024,1024,0,0,13
reduce_helper,3202880,512,256,256,2,64,1,0,0,1,1024,8192,0,0,16
reduce_helper,172704544,8,8,8,1,64,1,0,0,1,1024,256,0,0,16
reduce_helper,508754688,2,1,1,2,64,1,0,0,1,1024,32,0,0,16
reduce_helper,112704,65536,64,64,1024,32,1,0,0,1,1024,1024,0,0,15
reduce_helper,1373216,2048,64,64,32,32,1,0,0,1,1024,1024,0,0,15
reduce_helper,542848,4096,1024,1024,4,64,1,0,0,1,1024,32768,0,0,16
reduce_helper,784416,2048,128,128,16,64,1,0,0,1,1024,4096,0,0,16
reduce_helper,2836448,512,4,4,128,64,1,0,0,1,1024,128,0,0,16
reduce_helper,165763136,8,1,1,8,64,1,0,0,1,1024,32,0,0,16
reduce_helper,98944,65536,64,64,1024,64,0,0,0,1,1024,2048,0,0,16
reduce_helper,737888,2048,8,8,256,64,1,0,0,1,1024,256,0,0,16
reduce_helper,101472,65536,64,64,1024,64,0,1,0,1,1024,2048,0,0,15
reduce_helper,1627232,1024,256,256,4,64,1,0,0,1,1024,8192,0,0,16
reduce_helper,116672,32768,256,256,128,64,1,0,0,1,1024,8192,0,0,16
reduce_helper,105344,1048576,1024,1024,1024,64,0,0,0,1,1024,32768,0,0,16
reduce_helper,228256,8192,64,64,128,64,1,1,0,1,1024,2048,0,0,15
reduce_helper,153632,16384,512,512,32,64,1,0,0,1,1024,16384,0,0,16
reduce_helper,5438624,256,4,4,64,64,1,0,0,1,1024,128,0,0,16
reduce_helper,83312992,16,2,2,8,64,1,0,0,1,1024,64,0,0,16
reduce_helper,5551808,256,16,16,16,64,1,0,0,1,1024,512,0,0,16
reduce_helper,105184,65536,64,64,1024,64,1,1,0,1,1024,2048,0,0,15
reduce_helper,787840,4096,4,4,1024,32,1,0,0,1,1024,64,0,0,15
reduce_helper,97568,262144,256,256,1024,64,1,1,0,1,1024,8192,0,0,16
reduce_helper,246080,16384,16,16,1024,32,1,1,0,1,1024,256,0,0,13
reduce_helper,116224,32768,128,128,256,64,1,1,0,1,1024,4096,0,0,16
reduce_helper,11190016,256,256,256,1,32,1,1,0,1,1024,4096,0,0,14
reduce_helper,3040704,1024,256,256,4,32,1,1,0,1,1024,4096,0,0,14
reduce_helper,417696,4096,8,8,512,64,1,1,0,1,1024,256,0,0,15
reduce_helper,1058016,2048,1024,1024,2,64,1,1,0,1,1024,32768,0,0,16
reduce_helper,97952,131072,256,256,512,64,0,1,0,1,1024,8192,0,0,16
reduce_helper,246784,8192,8,8,1024,64,1,1,0,1,1024,256,0,0,15
reduce_helper,154048,16384,512,512,32,64,1,1,0,1,1024,16384,0,0,16
reduce_helper,11005536,128,16,16,8,64,1,1,0,1,1024,512,0,0,15
reduce_helper,172391200,8,8,8,1,64,1,1,0,1,1024,256,0,0,15
reduce_helper,1637472,1024,256,256,4,64,1,1,0,1,1024,8192,0,0,16
reduce_helper,2653952,1024,1,1,1024,32,1,1,0,1,1024,16,0,0,14
reduce_helper,1421920,1024,16,16,64,64,1,1,0,1,1024,512,0,0,15
reduce_helper,794720,4096,4,4,1024,32,1,1,0,1,1024,64,0,0,14
reduce_helper,100832,1048576,1024,1024,1024,32,1,1,0,1,1024,16384,0,0,14
reduce_helper,1453376,1024,4,4,256,64,1,1,0,1,1024,128,0,0,16
reduce_helper,244832,8192,8,8,1024,64,0,1,0,1,1024,256,0,0,15
reduce_helper,10572896,128,1,1,128,64,1,1,0,1,1024,32,0,0,16
reduce_helper,6203872,256,256,256,1,64,0,1,0,1,1024,8192,0,0,16
reduce_helper,166456928,8,2,2,4,64,1,1,0,1,1024,64,0,0,16
reduce_helper,103488,262144,256,256,1024,32,1,1,0,1,1024,4096,0,0,14
reduce_helper,334535072,4,1,1,4,64,1,1,0,1,1024,32,0,0,16
reduce_helper,101856,1048576,1024,1024,1024,64,0,1,0,1,1024,32768,0,0,16
reduce_helper,829472,4096,256,256,16,32,1,1,0,1,1024,4096,0,0,14
reduce_helper,881856,2048,512,512,4,64,1,1,0,1,1024,16384,0,0,16
reduce_helper,456320,4096,256,256,16,64,1,0,0,1,1024,8192,0,0,16
reduce_helper,245376,8192,256,256,32,64,1,1,0,1,1024,8192,0,0,16
reduce_helper,334767104,4,2,2,2,64,1,1,0,1,1024,64,0,0,16
reduce_helper,98048,131072,128,128,1024,64,1,1,0,1,1024,4096,0,0,16
reduce_helper,98784,262144,1024,1024,256,64,1,1,0,1,1024,32768,0,0,16
reduce_helper,342268608,4,4,4,1,64,1,1,0,1,1024,128,0,0,16
reduce_helper,2768000,512,1,1,512,64,1,1,0,1,1024,32,0,0,16
reduce_helper,5767008,512,256,256,2,32,1,1,0,1,1024,4096,0,0,14
reduce_helper,10542368,128,2,2,64,64,1,1,0,1,1024,64,0,0,16
reduce_helper,3227552,512,256,256,2,64,0,1,0,1,1024,8192,0,0,16
reduce_helper,425984,8192,256,256,32,32,1,1,0,1,1024,4096,0,0,14
reduce_helper,1494784,1024,64,64,16,64,1,1,0,1,1024,2048,0,0,15
reduce_helper,41755712,32,2,2,16,64,1,1,0,1,1024,64,0,0,16
reduce_helper,2018656,1024,1024,1024,1,64,1,1,0,1,1024,32768,0,0,16
reduce_helper,11513792,128,128,128,1,64,1,1,0,1,1024,4096,0,0,16
reduce_helper,23313792,64,64,64,1,64,1,1,0,1,1024,2048,0,0,15
reduce_helper,462208,4096,4,4,1024,64,1,0,0,1,1024,128,0,0,16
reduce_helper,104096,131072,128,128,1024,64,1,0,0,1,1024,4096,0,0,16
reduce_helper,461312,4096,4,4,1024,64,0,1,0,1,1024,128,0,0,16
reduce_helper,10617248,128,8,8,16,64,1,1,0,1,1024,256,0,0,15
reduce_helper,1465088,1024,1,1,1024,64,0,1,0,1,1024,32,0,0,16
reduce_helper,111872,32768,64,64,512,64,1,1,0,1,1024,2048,0,0,15
reduce_helper,2927488,512,64,64,8,64,1,1,0,1,1024,2048,0,0,15
reduce_helper,153664,32768,256,256,128,32,1,1,0,1,1024,4096,0,0,14
reduce_helper,555453888,2,2,2,1,64,1,1,0,1,1024,64,0,0,16
reduce_helper,5539264,256,16,16,16,64,1,1,0,1,1024,512,0,0,15
reduce_helper,247264,8192,256,256,32,64,1,0,0,1,1024,8192,0,0,16
reduce_helper,869792,2048,256,256,8,64,1,1,0,1,1024,8192,0,0,16
reduce_helper,739072,2048,16,16,128,64,1,1,0,1,1024,512,0,0,15
reduce_helper,100704,131072,128,128,1024,32,1,1,0,1,1024,2048,0,0,14
reduce_helper,229920,8192,16,16,512,64,1,1,0,1,1024,512,0,0,15
reduce_helper,544032,4096,1024,1024,4,64,1,1,0,1,1024,32768,0,0,16
reduce_helper,85895488,16,4,4,4,64,1,1,0,1,1024,128,0,0,16
reduce_helper,83517472,16,2,2,8,64,1,1,0,1,1024,64,0,0,16
reduce_helper,21311200,64,8,8,8,64,1,1,0,1,1024,256,0,0,15
reduce_helper,154560,16384,256,256,64,64,1,0,0,1,1024,8192,0,0,16
reduce_helper,453216,4096,256,256,16,64,1,1,0,1,1024,8192,0,0,16
reduce_helper,150368,16384,256,256,64,64,1,1,0,1,1024,8192,0,0,16
reduce_helper,101312,524288,512,512,1024,32,1,1,0,1,1024,8192,0,0,14
reduce_helper,765024,2048,64,64,32,64,1,1,0,1,1024,2048,0,0,15
reduce_helper,21198848,64,4,4,16,64,1,1,0,1,1024,128,0,0,16
reduce_helper,409696,4096,128,128,32,64,1,1,0,1,1024,4096,0,0,16
reduce_helper,1581696,2048,256,256,8,32,1,1,0,1,1024,4096,0,0,14
reduce_helper,1478944,1024,2,2,512,64,1,1,0,1,1024,64,0,0,16
reduce_helper,252608,8192,512,512,16,64,1,1,0,1,1024,16384,0,0,16
reduce_helper,460096,8192,8,8,1024,32,1,1,0,1,1024,128,0,0,14
reduce_helper,1508992,1024,128,128,8,64,1,1,0,1,1024,4096,0,0,16
reduce_helper,509466944,2,1,1,2,64,1,1,0,1,1024,32,0,0,16
reduce_helper,171402912,8,4,4,2,64,1,1,0,1,1024,128,0,0,16
reduce_helper,166123584,8,1,1,8,64,1,1,0,1,1024,32,0,0,16
reduce_helper,2859904,512,2,2,256,64,1,1,0,1,1024,64,0,0,16
reduce_helper,1425696,2048,2,2,1024,32,1,1,0,1,1024,32,0,0,14
reduce_helper,101536,1048576,1024,1024,1024,64,1,0,0,1,1024,32768,0,0,16
reduce_helper,813472,2048,2,2,1024,64,0,1,0,1,1024,64,0,0,16
reduce_helper,1653216,1024,256,256,4,64,0,1,0,1,1024,8192,0,0,16
reduce_helper,103680,262144,256,256,1024,32,0,1,0,1,1024,4096,0,0,14
reduce_helper,119872,65536,256,256,256,32,1,1,0,1,1024,4096,0,0,14
reduce_helper,5439552,256,4,4,64,64,1,1,0,1,1024,128,0,0,16
reduce_helper,152000,16384,128,128,128,64,1,1,0,1,1024,4096,0,0,16
reduce_helper,802016,2048,4,4,512,64,1,1,0,1,1024,128,0,0,16
reduce_helper,234848,16384,256,256,64,32,1,1,0,1,1024,4096,0,0,14
reduce_helper,2790880,512,16,16,32,64,1,1,0,1,1024,512,0,0,15
reduce_helper,226624,8192,128,128,64,64,1,1,0,1,1024,4096,0,0,16
reduce_helper,109632,131072,512,512,256,64,1,1,0,1,1024,16384,0,0,16
reduce_helper,2847648,512,4,4,128,64,1,1,0,1,1024,128,0,0,16
reduce_helper,10536832,128,4,4,32,64,1,1,0,1,1024,128,0,0,16
reduce_helper,255584,8192,256,256,32,64,0,1,0,1,1024,8192,0,0,16
reduce_helper,9962432,256,2,2,128,32,1,0,0,1,1024,32,0,0,15
reduce_helper,19658432,128,2,2,64,32,0,0,0,1,1024,32,0,0,15
reduce_helper,158208,32768,512,512,64,32,1,0,0,1,1024,8192,0,0,14
reduce_helper,19652928,128,2,2,64,32,1,0,0,1,1024,32,0,0,15
reduce_helper,1424640,1024,16,16,64,64,1,0,0,1,1024,512,0,0,16
reduce_helper,5356320,512,128,128,4,32,1,0,0,1,1024,2048,0,0,14
reduce_helper,161504,32768,1024,1024,32,32,1,0,0,1,1024,16384,0,0,14
reduce_helper,3465696,1024,512,512,2,32,1,0,0,1,1024,8192,0,0,14
reduce_helper,819744,4096,256,256,16,32,1,0,0,1,1024,4096,0,0,14
reduce_helper,2683968,1024,2,2,512,32,1,0,0,1,1024,32,0,0,15
reduce_helper,81708704,32,16,16,2,32,1,0,0,1,1024,256,0,0,15
reduce_helper,313257024,8,2,2,4,32,1,0,0,1,1024,32,0,0,15
reduce_helper,496064,8192,512,512,16,32,0,0,0,1,1024,8192,0,0,14
reduce_helper,10029824,256,4,4,64,32,1,1,0,1,1024,64,0,0,14
reduce_helper,5188448,512,2,2,256,32,1,0,0,1,1024,32,0,0,15
reduce_helper,1413184,2048,8,8,256,32,1,0,0,1,1024,128,0,0,15
reduce_helper,10119136,256,16,16,16,32,1,0,0,1,1024,256,0,0,15
reduce_helper,322200928,8,8,8,1,32,1,0,0,1,1024,128,0,0,15
reduce_helper,385184,8192,128,128,64,32,1,1,0,1,1024,2048,0,0,14
reduce_helper,153824,32768,512,512,64,32,1,1,0,1,1024,8192,0,0,14
reduce_helper,225952,16384,128,128,128,32,1,1,0,1,1024,2048,0,0,14
reduce_helper,104000,131072,1024,1024,128,32,1,1,0,1,1024,16384,0,0,14
reduce_helper,21028096,128,64,64,2,32,1,1,0,1,1024,1024,0,0,13
reduce_helper,120384,65536,512,512,128,32,1,1,0,1,1024,8192,0,0,14
reduce_helper,157344,32768,512,512,64,32,0,1,0,1,1024,8192,0,0,14
reduce_helper,98144,131072,512,512,256,32,0,1,0,1,1024,8192,0,0,14
reduce_helper,21036064,128,64,64,2,32,0,1,0,1,1024,1024,0,0,13
reduce_helper,1804160,2048,512,512,4,32,1,1,0,1,1024,8192,0,0,14
reduce_helper,10151296,256,1,1,256,32,1,1,0,1,1024,16,0,0,14
reduce_helper,20043328,128,8,8,16,32,0,1,0,1,1024,128,0,0,14
reduce_helper,3036288,1024,256,256,4,32,0,1,0,1,1024,4096,0,0,14
reduce_helper,2694656,1024,2,2,512,32,0,1,0,1,1024,32,0,0,14
reduce_helper,11420256,256,256,256,1,32,0,1,0,1,1024,4096,0,0,14
reduce_helper,476064992,4,1,1,4,32,0,1,0,1,1024,16,0,0,14
reduce_helper,3326080,512,512,512,1,64,0,1,0,1,1024,16384,0,0,16
reduce_helper,119936,65536,256,256,256,32,0,1,0,1,1024,4096,0,0,14
reduce_helper,151936,16384,512,512,32,64,0,1,0,1,1024,16384,0,0,16
reduce_helper,522592,8192,1024,1024,8,32,0,1,0,1,1024,16384,0,0,14
reduce_helper,630041792,2,2,2,1,32,0,1,0,1,1024,32,0,0,14
reduce_helper,2736000,1024,128,128,8,32,0,1,0,1,1024,2048,0,0,14
reduce_helper,149984,32768,128,128,256,32,0,1,0,1,1024,2048,0,0,14
reduce_helper,1411072,2048,8,8,256,32,0,1,0,1,1024,128,0,0,14
reduce_helper,162928192,16,16,16,1,32,0,1,0,1,1024,256,0,0,13
reduce_helper,19700032,128,2,2,64,32,0,1,0,1,1024,32,0,0,14
reduce_helper,107872,131072,512,512,256,32,1,0,0,1,1024,8192,0,0,14
reduce_helper,10173600,256,1,1,256,32,0,1,0,1,1024,16,0,0,14
reduce_helper,21126336,128,128,128,1,32,0,1,0,1,1024,2048,0,0,14
reduce_helper,116928,65536,64,64,1024,32,0,1,0,1,1024,1024,0,0,13
reduce_helper,1457024,2048,4,4,512,32,0,1,0,1,1024,64,0,0,14
reduce_helper,98336,262144,512,512,512,64,0,1,0,1,1024,16384,0,0,16
reduce_helper,39137632,64,1,1,64,32,0,1,0,1,1024,16,0,0,14
reduce_helper,42288096,64,64,64,1,32,0,1,0,1,1024,1024,0,0,13
reduce_helper,227840,16384,64,64,256,32,0,1,0,1,1024,1024,0,0,13
reduce_helper,2735648,1024,4,4,256,32,0,0,0,1,1024,64,0,0,15
reduce_helper,717184,4096,16,16,256,32,0,1,0,1,1024,256,0,0,13
reduce_helper,1412608,2048,8,8,256,32,1,1,0,1,1024,128,0,0,14
reduce_helper,161332128,16,8,8,2,32,0,1,0,1,1024,128,0,0,14
reduce_helper,78907616,32,2,2,16,32,0,1,0,1,1024,32,0,0,14
reduce_helper,149600,32768,128,128,256,32,0,0,0,1,1024,2048,0,0,14
reduce_helper,791648,4096,4,4,1024,32,0,0,0,1,1024,64,0,0,15
reduce_helper,9994816,256,4,4,64,32,0,0,0,1,1024,64,0,0,15
reduce_helper,528928,8192,1024,1024,8,32,0,0,0,1,1024,16384,0,0,14
reduce_helper,114688,65536,512,512,128,32,0,0,0,1,1024,8192,0,0,14
reduce_helper,824640,4096,256,256,16,32,0,0,0,1,1024,4096,0,0,14
reduce_helper,157312,32768,256,256,128,32,0,0,0,1,1024,4096,0,0,14
reduce_helper,157253792,16,4,4,4,32,0,0,0,1,1024,64,0,0,15
reduce_helper,1844000,2048,512,512,4,32,1,0,0,1,1024,8192,0,0,14
reduce_helper,1377408,2048,128,128,16,32,0,0,0,1,1024,2048,0,0,14
reduce_helper,101728,131072,128,128,1024,32,0,0,0,1,1024,2048,0,0,14
reduce_helper,1414368,2048,8,8,256,32,0,0,0,1,1024,128,0,0,15
reduce_helper,716768,4096,64,64,64,32,0,0,0,1,1024,1024,0,0,15
reduce_helper,5190400,512,1,1,512,32,0,0,0,1,1024,16,0,0,15
reduce_helper,161056640,16,8,8,2,32,0,0,0,1,1024,128,0,0,15
reduce_helper,10111008,256,16,16,16,32,0,0,0,1,1024,256,0,0,15
reduce_helper,105216,524288,512,512,1024,32,1,0,0,1,1024,8192,0,0,14
reduce_helper,470314336,4,2,2,2,32,0,0,0,1,1024,32,0,0,15
reduce_helper,3933120,1024,1024,1024,1,32,0,0,0,1,1024,16384,0,0,14
reduce_helper,1548224,2048,256,256,8,32,0,0,0,1,1024,4096,0,0,14
reduce_helper,788864,4096,8,8,512,32,0,0,0,1,1024,128,0,0,15
reduce_helper,778944,2048,128,128,16,64,0,0,0,1,1024,4096,0,0,16
reduce_helper,231488,16384,256,256,64,32,0,0,0,1,1024,4096,0,0,14
reduce_helper,106688,131072,256,256,512,32,0,0,0,1,1024,4096,0,0,14
reduce_helper,19608352,128,1,1,128,32,0,0,0,1,1024,16,0,0,15
reduce_helper,80717632,32,8,8,4,32,0,0,0,1,1024,128,0,0,15
reduce_helper,11530240,128,128,128,1,64,0,0,0,1,1024,4096,0,0,16
reduce_helper,5345984,512,64,64,8,32,0,0,0,1,1024,1024,0,0,15
reduce_helper,5369632,512,128,128,4,32,0,1,0,1,1024,2048,0,0,14
reduce_helper,310058912,8,1,1,8,32,0,0,0,1,1024,16,0,0,15
reduce_helper,157632,32768,128,128,256,32,1,0,0,1,1024,2048,0,0,14
reduce_helper,790720,4096,4,4,1024,32,0,1,0,1,1024,64,0,0,14
reduce_helper,116416,65536,128,128,512,32,1,0,0,1,1024,2048,0,0,14
reduce_helper,11098016,256,256,256,1,32,0,0,0,1,1024,4096,0,0,14
reduce_helper,111104,32768,256,256,128,64,0,0,0,1,1024,8192,0,0,16
reduce_helper,291872,8192,1024,1024,8,64,0,0,0,1,1024,32768,0,0,16
reduce_helper,9988000,256,2,2,128,32,0,0,0,1,1024,32,0,0,15
reduce_helper,245056,8192,8,8,1024,64,0,0,0,1,1024,256,0,0,16
reduce_helper,5436928,256,8,8,32,64,0,0,0,1,1024,256,0,0,16
reduce_helper,2800032,512,16,16,32,64,0,0,0,1,1024,512,0,0,16
reduce_helper,412352,4096,8,8,512,64,0,0,0,1,1024,256,0,0,16
reduce_helper,5750848,512,256,256,2,32,0,0,0,1,1024,4096,0,0,14
reduce_helper,5552192,256,16,16,16,64,0,0,0,1,1024,512,0,0,16
reduce_helper,41676992,32,2,2,16,64,0,0,0,1,1024,64,0,0,16
reduce_helper,82975424,16,1,1,16,64,0,0,0,1,1024,32,0,0,16
reduce_helper,404480,8192,64,64,128,32,0,0,0,1,1024,1024,0,0,15
reduce_helper,1642272,1024,256,256,4,64,0,0,0,1,1024,8192,0,0,16
reduce_helper,41438688,32,1,1,32,64,0,0,0,1,1024,32,0,0,16
reduce_helper,3340256,512,512,512,1,64,0,0,0,1,1024,16384,0,0,16
reduce_helper,21398368,64,8,8,8,64,0,0,0,1,1024,256,0,0,16
reduce_helper,1426560,1024,16,16,64,64,0,0,0,1,1024,512,0,0,16
reduce_helper,21142720,64,4,4,16,64,0,0,0,1,1024,128,0,0,16
reduce_helper,42511712,32,4,4,8,64,0,0,0,1,1024,128,0,0,16
reduce_helper,229920,8192,64,64,128,64,1,0,0,1,1024,2048,0,0,16
reduce_helper,154912,32768,256,256,128,32,1,0,0,1,1024,4096,0,0,14
reduce_helper,691384384,1,1,1,1,64,0,0,0,1,1024,32,0,0,16
reduce_helper,10507008,128,2,2,64,64,0,0,0,1,1024,64,0,0,16
reduce_helper,5505088,256,1,1,256,64,0,0,0,1,1024,32,0,0,16
reduce_helper,2837792,512,4,4,128,64,0,0,0,1,1024,128,0,0,16
reduce_helper,86037376,16,8,8,2,64,0,0,0,1,1024,256,0,0,16
reduce_helper,101024,131072,1024,1024,128,64,1,0,0,1,1024,32768,0,0,16
reduce_helper,230592,8192,16,16,512,64,1,0,0,1,1024,512,0,0,16
reduce_helper,104416,131072,1024,1024,128,32,1,0,0,1,1024,16384,0,0,14
reduce_helper,691418304,1,1,1,1,64,1,0,0,1,1024,32,0,0,16
reduce_helper,112928,32768,512,512,64,64,1,0,0,1,1024,16384,0,0,16
reduce_helper,2047488,2048,1024,1024,2,32,1,0,0,1,1024,16384,0,0,14
reduce_helper,5877824,256,64,64,4,64,1,0,0,1,1024,2048,0,0,16
reduce_helper,408928,4096,128,128,32,64,1,0,0,1,1024,4096,0,0,16
reduce_helper,404032,8192,64,64,128,32,1,0,0,1,1024,1024,0,0,15
reduce_helper,5214688,512,4,4,128,32,1,0,0,1,1024,64,0,0,15
reduce_helper,102272,131072,1024,1024,128,64,0,0,0,1,1024,32768,0,0,16
reduce_helper,333892800,4,1,1,4,64,1,0,0,1,1024,32,0,0,16
reduce_helper,98720,65536,512,512,128,64,0,0,0,1,1024,16384,0,0,16
reduce_helper,524151424,2,2,2,1,64,0,0,0,1,1024,64,0,0,16
reduce_helper,801024,2048,4,4,512,64,0,0,0,1,1024,128,0,0,16
reduce_helper,5526432,256,2,2,128,64,0,0,0,1,1024,64,0,0,16
reduce_helper,99168,131072,128,128,1024,64,0,0,0,1,1024,4096,0,0,16
reduce_helper,114432,32768,512,512,64,64,0,0,0,1,1024,16384,0,0,16
reduce_helper,5534976,256,2,2,128,64,1,0,0,1,1024,64,0,0,16
reduce_helper,524211840,2,2,2,1,64,1,0,0,1,1024,64,0,0,16
reduce_helper,1347616,2048,16,16,128,32,1,0,0,1,1024,256,0,0,15
reduce_helper,19730592,128,4,4,32,32,1,0,0,1,1024,64,0,0,15
reduce_helper,114752,65536,1024,1024,64,32,1,0,0,1,1024,16384,0,0,14
reduce_helper,3933216,1024,1024,1024,1,32,1,1,0,1,1024,16384,0,0,14
reduce_helper,5353504,512,64,64,8,32,1,0,0,1,1024,1024,0,0,15
reduce_helper,38957600,64,1,1,64,32,0,0,0,1,1024,16,0,0,15
reduce_helper,161040480,16,8,8,2,32,1,0,0,1,1024,128,0,0,15
reduce_helper,99936,262144,1024,1024,256,64,1,0,0,1,1024,32768,0,0,16
reduce_helper,101568,262144,1024,1024,256,64,0,0,0,1,1024,32768,0,0,16
reduce_helper,108512,262144,1024,1024,256,32,1,1,0,1,1024,16384,0,0,14
reduce_helper,11570112,128,64,64,2,64,1,0,0,1,1024,2048,0,0,16
reduce_helper,746080,2048,8,8,256,64,0,0,0,1,1024,256,0,0,16
reduce_helper,3957120,1024,1024,1024,1,32,1,0,0,1,1024,16384,0,0,14
reduce_helper,97504,262144,1024,1024,256,64,0,1,0,1,1024,32768,0,0,16
reduce_helper,83050752,16,1,1,16,64,0,1,0,1,1024,32,0,0,16
reduce_helper,2972544,512,128,128,4,64,0,1,0,1,1024,4096,0,0,16
reduce_helper,166127904,8,1,1,8,64,0,1,0,1,1024,32,0,0,16
reduce_helper,11525312,128,128,128,1,64,0,1,0,1,1024,4096,0,0,16
reduce_helper,161792,16384,1024,1024,16,64,0,1,0,1,1024,32768,0,0,16
reduce_helper,5507520,256,1,1,256,64,0,1,0,1,1024,32,0,0,16
reduce_helper,418784,4096,8,8,512,64,0,1,0,1,1024,256,0,0,15
reduce_helper,10517600,128,2,2,64,64,0,1,0,1,1024,64,0,0,16
reduce_helper,691463872,1,1,1,1,64,0,1,0,1,1024,32,0,0,16
reduce_helper,115488,65536,1024,1024,64,32,0,1,0,1,1024,16384,0,0,14
reduce_helper,83487616,16,2,2,8,64,0,1,0,1,1024,64,0,0,16
reduce_helper,117760,32768,1024,1024,32,64,0,1,0,1,1024,32768,0,0,16
reduce_helper,85866336,16,8,8,2,64,0,1,0,1,1024,256,0,0,15
reduce_helper,2746848,512,8,8,64,64,0,1,0,1,1024,256,0,0,15
reduce_helper,1457792,1024,4,4,256,64,0,0,0,1,1024,128,0,0,16
reduce_helper,2060352,2048,1024,1024,2,32,0,1,0,1,1024,16384,0,0,14
reduce_helper,10146912,256,16,16,16,32,0,1,0,1,1024,256,0,0,13
reduce_helper,289184,16384,1024,1024,16,32,1,1,0,1,1024,16384,0,0,14
reduce_helper,102400,262144,512,512,512,32,1,1,0,1,1024,8192,0,0,14
reduce_helper,2612160,1024,16,16,64,32,1,1,0,1,1024,256,0,0,13
reduce_helper,122144,65536,512,512,128,32,0,1,0,1,1024,8192,0,0,14
reduce_helper,19692896,128,1,1,128,32,1,1,0,1,1024,16,0,0,14
reduce_helper,606146176,2,1,1,2,32,1,1,0,1,1024,16,0,0,14
reduce_helper,259936,16384,512,512,32,32,1,1,0,1,1024,8192,0,0,14
reduce_helper,10558720,256,128,128,2,32,1,1,0,1,1024,2048,0,0,14
reduce_helper,158354016,16,4,4,4,32,1,1,0,1,1024,64,0,0,14
reduce_helper,6595776,512,512,512,1,32,1,0,0,1,1024,8192,0,0,14
reduce_helper,105728,131072,512,512,256,32,1,1,0,1,1024,8192,0,0,14
reduce_helper,2735424,1024,4,4,256,32,1,1,0,1,1024,64,0,0,14
reduce_helper,315385760,8,2,2,4,32,1,1,0,1,1024,32,0,0,14
reduce_helper,630078528,2,2,2,1,32,1,1,0,1,1024,32,0,0,14
reduce_helper,315877568,8,4,4,2,32,1,1,0,1,1024,64,0,0,14
reduce_helper,2678080,1024,8,8,128,32,1,1,0,1,1024,128,0,0,14
reduce_helper,21182464,128,128,128,1,32,1,1,0,1,1024,2048,0,0,14
reduce_helper,149184,32768,128,128,256,32,1,1,0,1,1024,2048,0,0,14
reduce_helper,10129600,256,16,16,16,32,1,1,0,1,1024,256,0,0,13
reduce_helper,1376256,2048,128,128,16,32,1,1,0,1,1024,2048,0,0,14
reduce_helper,781440,4096,8,8,512,32,1,0,0,1,1024,128,0,0,15
reduce_helper,5174848,512,1,1,512,32,1,1,0,1,1024,16,0,0,14
reduce_helper,5188672,512,1,1,512,32,0,1,0,1,1024,16,0,0,14
reduce_helper,499872,8192,512,512,16,32,0,1,0,1,1024,8192,0,0,14
reduce_helper,39436544,64,2,2,32,32,1,1,0,1,1024,32,0,0,14
reduce_helper,5371968,512,128,128,4,32,1,1,0,1,1024,2048,0,0,14
reduce_helper,149408,32768,64,64,512,32,1,0,0,1,1024,1024,0,0,15
reduce_helper,143424,32768,64,64,512,32,0,1,0,1,1024,1024,0,0,13
reduce_helper,40372928,64,8,8,8,32,1,1,0,1,1024,128,0,0,14
reduce_helper,162929440,16,16,16,1,32,1,1,0,1,1024,256,0,0,13
reduce_helper,274560,16384,512,512,32,32,0,1,0,1,1024,8192,0,0,14
reduce_helper,42294560,64,64,64,1,32,1,1,0,1,1024,1024,0,0,13
reduce_helper,495819328,4,4,4,1,32,1,1,0,1,1024,64,0,0,14
reduce_helper,930048,4096,512,512,8,32,1,1,0,1,1024,8192,0,0,14
reduce_helper,477400352,4,2,2,2,32,1,1,0,1,1024,32,0,0,14
reduce_helper,100192,262144,512,512,512,64,1,0,0,1,1024,16384,0,0,16
reduce_helper,10658464,128,8,8,16,64,1,0,0,1,1024,256,0,0,16
reduce_helper,2749088,512,8,8,64,64,1,0,0,1,1024,256,0,0,16
reduce_helper,10494688,128,1,1,128,64,1,0,0,1,1024,32,0,0,16
reduce_helper,2777568,512,1,1,512,64,0,0,0,1,1024,32,0,0,16
reduce_helper,297536,8192,1024,1024,8,64,1,0,0,1,1024,32768,0,0,16
reduce_helper,122080,65536,512,512,128,32,1,0,0,1,1024,8192,0,0,14
reduce_helper,85780640,16,4,4,4,64,1,0,0,1,1024,128,0,0,16
reduce_helper,10499200,128,2,2,64,64,1,0,0,1,1024,64,0,0,16
reduce_helper,102496,65536,128,128,512,64,0,0,0,1,1024,4096,0,0,16
reduce_helper,153824,16384,512,512,32,64,0,0,0,1,1024,16384,0,0,16
reduce_helper,41420704,32,1,1,32,64,1,0,0,1,1024,32,0,0,16
reduce_helper,1401568,1024,8,8,128,64,1,0,0,1,1024,256,0,0,16
reduce_helper,104896,262144,512,512,512,32,1,0,0,1,1024,8192,0,0,14
reduce_helper,2955904,512,64,64,8,64,1,0,0,1,1024,2048,0,0,16
reduce_helper,497120,8192,512,512,16,32,1,0,0,1,1024,8192,0,0,14
reduce_helper,2775488,512,1,1,512,64,1,0,0,1,1024,32,0,0,16
reduce_helper,166092416,8,2,2,4,64,1,0,0,1,1024,64,0,0,16
reduce_helper,99936,524288,1024,1024,512,64,1,0,0,1,1024,32768,0,0,16
reduce_helper,98336,131072,256,256,512,64,0,0,0,1,1024,8192,0,0,16
reduce_helper,149056,16384,64,64,256,64,0,0,0,1,1024,2048,0,0,16
reduce_helper,341965824,4,4,4,1,64,0,0,0,1,1024,128,0,0,16
reduce_helper,85771232,16,4,4,4,64,0,0,0,1,1024,128,0,0,16
reduce_helper,111200,32768,64,64,512,64,0,1,0,1,1024,2048,0,0,15
reduce_helper,6313536,256,256,256,1,64,0,0,0,1,1024,8192,0,0,16
reduce_helper,11013472,128,16,16,8,64,0,0,0,1,1024,512,0,0,16
reduce_helper,40325824,64,8,8,8,32,0,0,0,1,1024,128,0,0,15
reduce_helper,508797472,2,1,1,2,64,0,0,0,1,1024,32,0,0,16
reduce_helper,10522112,128,4,4,32,64,0,0,0,1,1024,128,0,0,16
reduce_helper,468032,4096,256,256,16,64,0,0,0,1,1024,8192,0,0,16
reduce_helper,410560,4096,128,128,32,64,0,0,0,1,1024,4096,0,0,16
reduce_helper,716032,4096,128,128,32,32,0,1,0,1,1024,2048,0,0,14
reduce_helper,9987872,256,8,8,32,32,0,0,0,1,1024,128,0,0,15
reduce_helper,713216,4096,128,128,32,32,0,0,0,1,1024,2048,0,0,14
reduce_helper,152224,16384,256,256,64,64,0,0,0,1,1024,8192,0,0,16
reduce_helper,2863392,512,2,2,256,64,0,0,0,1,1024,64,0,0,16
reduce_helper,2007008,1024,1024,1024,1,64,0,0,0,1,1024,32768,0,0,16
reduce_helper,5432128,256,4,4,64,64,0,0,0,1,1024,128,0,0,16
reduce_helper,467648,4096,4,4,1024,64,0,0,0,1,1024,128,0,0,16
reduce_helper,2750592,512,8,8,64,64,0,0,0,1,1024,256,0,0,16
reduce_helper,88521568,16,16,16,1,64,0,0,0,1,1024,512,0,0,16
reduce_helper,1410112,2048,2,2,1024,32,0,0,0,1,1024,32,0,0,15
reduce_helper,5224448,512,4,4,128,32,0,0,0,1,1024,64,0,0,15
reduce_helper,42581568,32,4,4,8,64,0,1,0,1,1024,128,0,0,16
reduce_helper,113568,32768,128,128,256,64,0,0,0,1,1024,4096,0,0,16
reduce_helper,2709792,1024,128,128,8,32,0,0,0,1,1024,2048,0,0,14
reduce_helper,116512,65536,256,256,256,32,0,0,0,1,1024,4096,0,0,14
reduce_helper,23364576,64,64,64,1,64,0,0,0,1,1024,2048,0,0,16
reduce_helper,3187584,512,256,256,2,64,0,0,0,1,1024,8192,0,0,16
reduce_helper,21003520,64,2,2,32,64,0,0,0,1,1024,64,0,0,16
reduce_helper,10469216,256,128,128,2,32,0,0,0,1,1024,2048,0,0,14
reduce_helper,99456,65536,128,128,512,64,0,1,0,1,1024,4096,0,0,16
reduce_helper,88390208,16,16,16,1,64,0,1,0,1,1024,512,0,0,15
reduce_helper,5554816,256,16,16,16,64,0,1,0,1,1024,512,0,0,15
reduce_helper,101792,131072,256,256,512,32,0,1,0,1,1024,4096,0,0,14
reduce_helper,1719584,1024,512,512,2,64,0,1,0,1,1024,16384,0,0,16
reduce_helper,228352,8192,128,128,64,64,0,0,0,1,1024,4096,0,0,16
reduce_helper,5443776,256,4,4,64,64,0,1,0,1,1024,128,0,0,16
reduce_helper,20963040,64,1,1,64,64,0,1,0,1,1024,32,0,0,16
reduce_helper,171420704,8,4,4,2,64,0,1,0,1,1024,128,0,0,16
reduce_helper,807072,4096,8,8,512,32,0,1,0,1,1024,128,0,0,14
reduce_helper,334824864,4,2,2,2,64,0,1,0,1,1024,64,0,0,16
reduce_helper,147648,16384,64,64,256,64,0,1,0,1,1024,2048,0,0,15
reduce_helper,334627232,4,1,1,4,64,0,1,0,1,1024,32,0,0,16
reduce_helper,101344,262144,512,512,512,64,0,0,0,1,1024,16384,0,0,16
reduce_helper,415072,8192,16,16,512,32,0,1,0,1,1024,256,0,0,13
reduce_helper,293184,8192,1024,1024,8,64,0,1,0,1,1024,32768,0,0,16
reduce_helper,5876160,256,64,64,4,64,0,1,0,1,1024,2048,0,0,15
reduce_helper,2968192,512,128,128,4,64,0,0,0,1,1024,4096,0,0,16
reduce_helper,342322400,4,4,4,1,64,0,1,0,1,1024,128,0,0,16
reduce_helper,166442080,8,2,2,4,64,0,1,0,1,1024,64,0,0,16
reduce_helper,5913984,256,128,128,2,64,0,1,0,1,1024,4096,0,0,16
reduce_helper,1378848,2048,128,128,16,32,0,1,0,1,1024,2048,0,0,14
reduce_helper,782080,2048,128,128,16,64,0,1,0,1,1024,4096,0,0,16
reduce_helper,738560,2048,16,16,128,64,0,1,0,1,1024,512,0,0,15
reduce_helper,172435200,8,8,8,1,64,0,1,0,1,1024,256,0,0,15
reduce_helper,1060800,2048,1024,1024,2,64,0,1,0,1,1024,32768,0,0,16
reduce_helper,542080,4096,1024,1024,4,64,0,1,0,1,1024,32768,0,0,16
reduce_helper,333911040,4,1,1,4,64,0,0,0,1,1024,32,0,0,16
reduce_helper,10440704,256,64,64,4,32,0,1,0,1,1024,1024,0,0,13
reduce_helper,100192,65536,1024,1024,64,64,0,1,0,1,1024,32768,0,0,16
reduce_helper,233376,16384,256,256,64,32,0,1,0,1,1024,4096,0,0,14
reduce_helper,116128,65536,1024,1024,64,32,0,0,0,1,1024,16384,0,0,14
reduce_helper,101344,1048576,1024,1024,1024,32,0,1,0,1,1024,16384,0,0,14
reduce_helper,1061536,4096,1024,1024,4,32,0,1,0,1,1024,16384,0,0,14
reduce_helper,112096,65536,1024,1024,64,32,1,1,0,1,1024,16384,0,0,14
reduce_helper,23334912,64,64,64,1,64,0,1,0,1,1024,2048,0,0,15
reduce_helper,292448,16384,1024,1024,16,32,0,1,0,1,1024,16384,0,0,14
reduce_helper,900800,2048,512,512,4,64,0,1,0,1,1024,16384,0,0,16
reduce_helper,5432992,256,8,8,32,64,0,1,0,1,1024,256,0,0,15
reduce_helper,5139072,512,8,8,64,32,0,1,0,1,1024,128,0,0,14
reduce_helper,763680,2048,64,64,32,64,0,1,0,1,1024,2048,0,0,15
reduce_helper,5492864,256,2,2,128,64,0,1,0,1,1024,64,0,0,16
reduce_helper,165856,32768,1024,1024,32,32,0,1,0,1,1024,16384,0,0,14
reduce_helper,1395648,1024,8,8,128,64,0,1,0,1,1024,256,0,0,15
reduce_helper,401280,4096,64,64,64,64,0,1,0,1,1024,2048,0,0,15
reduce_helper,2875872,1024,16,16,64,32,0,1,0,1,1024,256,0,0,13
reduce_helper,412544,8192,128,128,64,32,0,1,0,1,1024,2048,0,0,14
reduce_helper,101152,65536,1024,1024,64,64,1,0,0,1,1024,32768,0,0,16
reduce_helper,774048,4096,64,64,64,32,0,1,0,1,1024,1024,0,0,13
reduce_helper,11083520,256,4,4,64,32,0,1,0,1,1024,64,0,0,14
reduce_helper,23224576,64,2,2,32,64,0,1,0,1,1024,64,0,0,16
reduce_helper,47358400,32,8,8,4,64,0,1,0,1,1024,256,0,0,15
reduce_helper,550708480,2,2,2,1,64,0,1,0,1,1024,64,0,0,16
reduce_helper,401280,4096,64,64,64,64,0,0,0,1,1024,2048,0,0,16
reduce_helper,492168192,4,4,4,1,32,0,0,0,1,1024,64,0,0,15
reduce_helper,322178464,8,8,8,1,32,0,0,0,1,1024,128,0,0,15
reduce_helper,39389120,64,4,4,16,32,0,0,0,1,1024,64,0,0,15
reduce_helper,289664,16384,1024,1024,16,32,1,0,0,1,1024,16384,0,0,14
reduce_helper,265184,16384,512,512,32,32,1,0,0,1,1024,8192,0,0,14
reduce_helper,470353888,4,2,2,2,32,1,0,0,1,1024,32,0,0,15
reduce_helper,21107360,128,128,128,1,32,1,0,0,1,1024,2048,0,0,14
reduce_helper,5154560,512,16,16,32,32,0,0,0,1,1024,256,0,0,15
reduce_helper,10696672,256,128,128,2,32,1,0,0,1,1024,2048,0,0,14
reduce_helper,19962080,128,8,8,16,32,1,0,0,1,1024,128,0,0,15
reduce_helper,725216,4096,128,128,32,32,1,1,0,1,1024,2048,0,0,14
reduce_helper,2697344,1024,64,64,16,32,1,0,0,1,1024,1024,0,0,15
reduce_helper,20440608,128,16,16,8,32,1,0,0,1,1024,256,0,0,15
reduce_helper,447424,8192,256,256,32,32,1,0,0,1,1024,4096,0,0,14
reduce_helper,409792,8192,16,16,512,32,1,0,0,1,1024,256,0,0,15
reduce_helper,19599392,128,1,1,128,32,1,0,0,1,1024,16,0,0,15
reduce_helper,243872,16384,16,16,1024,32,1,0,0,1,1024,256,0,0,15
reduce_helper,39375840,64,4,4,16,32,1,0,0,1,1024,64,0,0,15
reduce_helper,1577536,2048,256,256,8,32,1,0,0,1,1024,4096,0,0,14
reduce_helper,1441152,2048,4,4,512,32,1,0,0,1,1024,64,0,0,15
reduce_helper,712576,4096,16,16,256,32,0,0,0,1,1024,256,0,0,15
reduce_helper,80711968,32,8,8,4,32,1,0,0,1,1024,128,0,0,15
reduce_helper,2598912,1024,16,16,64,32,0,0,0,1,1024,256,0,0,15
reduce_helper,10406656,256,64,64,4,32,1,0,0,1,1024,1024,0,0,15
reduce_helper,157249216,16,4,4,4,32,1,0,0,1,1024,64,0,0,15
reduce_helper,410880,8192,16,16,512,32,0,0,0,1,1024,256,0,0,15
reduce_helper,2646528,1024,1,1,1024,32,1,0,0,1,1024,16,0,0,15
reduce_helper,156942944,16,2,2,8,32,1,0,0,1,1024,32,0,0,15
reduce_helper,21023552,128,64,64,2,32,1,0,0,1,1024,1024,0,0,15
reduce_helper,5910336,512,256,256,2,32,1,0,0,1,1024,4096,0,0,14
reduce_helper,228160,16384,128,128,128,32,1,0,0,1,1024,2048,0,0,14
reduce_helper,5149600,512,16,16,32,32,1,0,0,1,1024,256,0,0,15
reduce_helper,101696,131072,256,256,512,32,1,0,0,1,1024,4096,0,0,14
reduce_helper,425856,8192,16,16,512,32,1,1,0,1,1024,256,0,0,13
reduce_helper,3027616,1024,256,256,4,32,0,0,0,1,1024,4096,0,0,14
reduce_helper,2713216,1024,128,128,8,32,1,0,0,1,1024,2048,0,0,14
reduce_helper,104896,524288,1024,1024,512,32,0,0,0,1,1024,16384,0,0,14
reduce_helper,383072,8192,128,128,64,32,1,0,0,1,1024,2048,0,0,14
reduce_helper,430944,8192,256,256,32,32,0,0,0,1,1024,4096,0,0,14
reduce_helper,3054880,1024,256,256,4,32,1,0,0,1,1024,4096,0,0,14
reduce_helper,522304,8192,1024,1024,8,32,1,0,0,1,1024,16384,0,0,14
reduce_helper,9988000,256,8,8,32,32,1,0,0,1,1024,128,0,0,15
reduce_helper,117664,65536,128,128,512,32,1,1,0,1,1024,2048,0,0,14
reduce_helper,78478496,32,2,2,16,32,1,0,0,1,1024,32,0,0,15
reduce_helper,310081952,8,1,1,8,32,1,0,0,1,1024,16,0,0,15
reduce_helper,154622208,16,1,1,16,32,1,0,0,1,1024,16,0,0,15
reduce_helper,39061152,64,2,2,32,32,1,0,0,1,1024,32,0,0,15
reduce_helper,231584,16384,256,256,64,32,1,0,0,1,1024,4096,0,0,14
reduce_helper,5139168,512,8,8,64,32,1,0,0,1,1024,128,0,0,15
reduce_helper,117600,65536,256,256,256,32,1,0,0,1,1024,4096,0,0,14
reduce_helper,598961472,2,1,1,2,32,1,0,0,1,1024,16,0,0,15
reduce_helper,1459552,2048,4,4,512,32,1,1,0,1,1024,64,0,0,14
reduce_helper,959552,4096,512,512,8,32,1,0,0,1,1024,8192,0,0,14
reduce_helper,816704,4096,8,8,512,32,1,1,0,1,1024,128,0,0,14
reduce_helper,40665568,64,16,16,4,32,1,0,0,1,1024,256,0,0,15
reduce_helper,2734432,1024,4,4,256,32,1,0,0,1,1024,64,0,0,15
reduce_helper,40291264,64,8,8,8,32,1,0,0,1,1024,128,0,0,15
reduce_helper,78837824,32,4,4,8,32,1,0,0,1,1024,64,0,0,15
reduce_helper,1373024,2048,128,128,16,32,1,0,0,1,1024,2048,0,0,14
reduce_helper,2609536,1024,16,16,64,32,1,0,0,1,1024,256,0,0,15
reduce_helper,2690688,1024,2,2,512,32,0,0,0,1,1024,32,0,0,15
reduce_helper,886342464,1,1,1,1,32,1,0,0,1,1024,16,0,0,15
reduce_helper,492164704,4,4,4,1,32,1,0,0,1,1024,64,0,0,15
reduce_helper,5193280,512,1,1,512,32,1,0,0,1,1024,16,0,0,15
reduce_helper,2712960,1024,2,2,512,32,1,1,0,1,1024,32,0,0,14
reduce_helper,38969024,64,1,1,64,32,1,0,0,1,1024,16,0,0,15
reduce_helper,469197472,4,1,1,4,32,1,0,0,1,1024,16,0,0,15
reduce_helper,886332736,1,1,1,1,32,0,0,0,1,1024,16,0,0,15
reduce_helper,5137248,512,8,8,64,32,0,0,0,1,1024,128,0,0,15
reduce_helper,100320,131072,512,512,256,32,0,0,0,1,1024,8192,0,0,14
reduce_helper,286528,16384,1024,1024,16,32,0,0,0,1,1024,16384,0,0,14
reduce_helper,5180864,512,2,2,256,32,0,0,0,1,1024,32,0,0,15
reduce_helper,1356800,2048,16,16,128,32,0,0,0,1,1024,256,0,0,15
reduce_helper,162667616,16,16,16,1,32,0,0,0,1,1024,256,0,0,15
reduce_helper,19953248,128,8,8,16,32,0,0,0,1,1024,128,0,0,15
reduce_helper,39157280,64,2,2,32,32,0,0,0,1,1024,32,0,0,15
reduce_helper,105280,524288,512,512,1024,32,0,0,0,1,1024,8192,0,0,14
reduce_helper,105728,262144,1024,1024,256,32,1,0,0,1,1024,16384,0,0,14
reduce_helper,154656576,16,1,1,16,32,0,0,0,1,1024,16,0,0,15
reduce_helper,40676992,64,16,16,4,32,0,0,0,1,1024,256,0,0,15
reduce_helper,42212224,64,64,64,1,32,0,0,0,1,1024,1024,0,0,15
reduce_helper,226848,16384,128,128,128,32,0,0,0,1,1024,2048,0,0,14
reduce_helper,154688,32768,64,64,512,32,0,0,0,1,1024,1024,0,0,15
reduce_helper,1057824,4096,1024,1024,4,32,0,0,0,1,1024,16384,0,0,14
reduce_helper,112832,65536,64,64,1024,32,0,0,0,1,1024,1024,0,0,15
reduce_helper,598962176,2,1,1,2,32,0,0,0,1,1024,16,0,0,15
reduce_helper,313844416,8,4,4,2,32,0,0,0,1,1024,64,0,0,15
reduce_helper,161760,32768,1024,1024,32,32,0,0,0,1,1024,16384,0,0,14
reduce_helper,78819648,32,4,4,8,32,0,0,0,1,1024,64,0,0,15
reduce_helper,5366784,512,128,128,4,32,0,0,0,1,1024,2048,0,0,14
reduce_helper,396288,4096,16,16,256,64,0,0,0,1,1024,512,0,0,16
reduce_helper,3429376,1024,512,512,2,32,0,0,0,1,1024,8192,0,0,14
reduce_helper,226176,16384,64,64,256,32,0,0,0,1,1024,1024,0,0,15
reduce_helper,457792,8192,8,8,1024,32,0,0,0,1,1024,128,0,0,15
reduce_helper,2706784,1024,64,64,16,32,0,0,0,1,1024,1024,0,0,15
reduce_helper,20449792,128,16,16,8,32,0,0,0,1,1024,256,0,0,15
reduce_helper,6781056,512,512,512,1,32,0,1,0,1,1024,8192,0,0,14
reduce_helper,1792032,2048,512,512,4,32,0,0,0,1,1024,8192,0,0,14
reduce_helper,78484832,32,2,2,16,32,0,0,0,1,1024,32,0,0,15
reduce_helper,21102752,128,128,128,1,32,0,0,0,1,1024,2048,0,0,14
reduce_helper,151424,32768,512,512,64,32,0,0,0,1,1024,8192,0,0,14
reduce_helper,940064,4096,512,512,8,32,0,0,0,1,1024,8192,0,0,14
reduce_helper,5219136,512,2,2,256,32,0,1,0,1,1024,32,0,0,14
reduce_helper,103904,524288,512,512,1024,32,0,1,0,1,1024,8192,0,0,14
reduce_helper,621982400,2,2,2,1,32,0,0,0,1,1024,32,0,0,15
reduce_helper,21016256,128,64,64,2,32,0,0,0,1,1024,1024,0,0,15
reduce_helper,1499616,1024,64,64,16,64,0,0,0,1,1024,2048,0,0,16
reduce_helper,883328,2048,256,256,8,64,0,0,0,1,1024,8192,0,0,16
reduce_helper,233824,8192,64,64,128,64,0,0,0,1,1024,2048,0,0,16
reduce_helper,23369088,64,64,64,1,64,1,0,0,1,1024,2048,0,0,16
reduce_helper,44320736,32,16,16,2,64,0,0,0,1,1024,512,0,0,16
reduce_helper,21896160,64,16,16,4,64,0,0,0,1,1024,512,0,0,16
reduce_helper,83326304,16,2,2,8,64,0,0,0,1,1024,64,0,0,16
reduce_helper,165782848,8,1,1,8,64,0,0,0,1,1024,32,0,0,16
reduce_helper,334274432,4,2,2,2,64,0,0,0,1,1024,64,0,0,16
reduce_helper,401664,4096,64,64,64,64,1,0,0,1,1024,2048,0,0,16
reduce_helper,1494176,1024,64,64,16,64,1,0,0,1,1024,2048,0,0,16
reduce_helper,172752832,8,8,8,1,64,0,0,0,1,1024,256,0,0,16
reduce_helper,10435776,256,64,64,4,32,0,0,0,1,1024,1024,0,0,15
reduce_helper,230240,8192,16,16,512,64,0,0,0,1,1024,512,0,0,16
reduce_helper,10663168,128,8,8,16,64,0,0,0,1,1024,256,0,0,16
reduce_helper,166077952,8,2,2,4,64,0,0,0,1,1024,64,0,0,16
reduce_helper,742816,2048,16,16,128,64,1,0,0,1,1024,512,0,0,16
reduce_helper,21893760,64,16,16,4,64,1,0,0,1,1024,512,0,0,16
reduce_helper,322709408,8,8,8,1,32,1,1,0,1,1024,128,0,0,14
reduce_helper,405760,8192,64,64,128,32,1,1,0,1,1024,1024,0,0,13
reduce_helper,5245792,512,4,4,128,32,0,1,0,1,1024,64,0,0,14
reduce_helper,5348608,512,64,64,8,32,1,1,0,1,1024,1024,0,0,13
reduce_helper,161320480,16,8,8,2,32,1,1,0,1,1024,128,0,0,14
reduce_helper,19688640,128,2,2,64,32,1,1,0,1,1024,32,0,0,14
reduce_helper,893884736,1,1,1,1,32,1,1,0,1,1024,16,0,0,14
reduce_helper,5135680,512,8,8,64,32,1,1,0,1,1024,128,0,0,14
reduce_helper,78046112,32,1,1,32,32,1,1,0,1,1024,16,0,0,14
reduce_helper,80909312,32,8,8,4,32,1,1,0,1,1024,128,0,0,14
reduce_helper,39693280,64,4,4,16,32,1,1,0,1,1024,64,0,0,14
reduce_helper,1369088,2048,64,64,32,32,1,1,0,1,1024,1024,0,0,13
reduce_helper,717120,4096,64,64,64,32,1,1,0,1,1024,1024,0,0,13
reduce_helper,2712224,1024,64,64,16,32,0,1,0,1,1024,1024,0,0,13
reduce_helper,476129088,4,1,1,4,32,1,1,0,1,1024,16,0,0,14
reduce_helper,2720256,1024,128,128,8,32,1,1,0,1,1024,2048,0,0,14
reduce_helper,10012512,256,8,8,32,32,1,1,0,1,1024,128,0,0,14
reduce_helper,1346816,2048,16,16,128,32,1,1,0,1,1024,256,0,0,13
reduce_helper,20536288,128,16,16,8,32,1,1,0,1,1024,256,0,0,13
reduce_helper,10441568,256,64,64,4,32,1,1,0,1,1024,1024,0,0,13
reduce_helper,81879136,32,16,16,2,32,1,1,0,1,1024,256,0,0,13
reduce_helper,20054112,128,8,8,16,32,1,1,0,1,1024,128,0,0,14
reduce_helper,151616,32768,256,256,128,32,0,1,0,1,1024,4096,0,0,14
reduce_helper,107072,262144,256,256,1024,32,0,0,0,1,1024,4096,0,0,14
reduce_helper,1574976,2048,256,256,8,32,0,1,0,1,1024,4096,0,0,14
reduce_helper,19721440,128,4,4,32,32,0,0,0,1,1024,64,0,0,15
reduce_helper,11291680,256,256,256,1,32,1,0,0,1,1024,4096,0,0,14
reduce_helper,2662656,1024,1,1,1024,32,0,1,0,1,1024,16,0,0,14
reduce_helper,5948160,512,256,256,2,32,0,1,0,1,1024,4096,0,0,14
reduce_helper,430496,8192,256,256,32,32,0,1,0,1,1024,4096,0,0,14
reduce_helper,313311456,8,2,2,4,32,0,0,0,1,1024,32,0,0,15
reduce_helper,1424416,2048,2,2,1024,32,0,1,0,1,1024,32,0,0,14
reduce_helper,463104,8192,8,8,1024,32,0,1,0,1,1024,128,0,0,14
reduce_helper,157959680,16,2,2,8,32,0,1,0,1,1024,32,0,0,14
reduce_helper,1378272,2048,64,64,32,32,0,1,0,1,1024,1024,0,0,13
reduce_helper,40747488,64,16,16,4,32,0,1,0,1,1024,256,0,0,13
reduce_helper,19789792,128,4,4,32,32,1,1,0,1,1024,64,0,0,14
reduce_helper,495881952,4,4,4,1,32,0,1,0,1,1024,64,0,0,14
reduce_helper,1842880,2048,512,512,4,32,0,1,0,1,1024,8192,0,0,14
reduce_helper,315404800,8,2,2,4,32,0,1,0,1,1024,32,0,0,14
reduce_helper,5161440,512,16,16,32,32,0,1,0,1,1024,256,0,0,13
reduce_helper,5367552,512,64,64,8,32,0,1,0,1,1024,1024,0,0,13
reduce_helper,78054880,32,1,1,32,32,0,1,0,1,1024,16,0,0,14
reduce_helper,20541120,128,16,16,8,32,0,1,0,1,1024,256,0,0,13
reduce_helper,9998208,256,8,8,32,32,0,1,0,1,1024,128,0,0,14
reduce_helper,39221088,64,2,2,32,32,0,1,0,1,1024,32,0,0,14
reduce_helper,315917184,8,4,4,2,32,0,1,0,1,1024,64,0,0,14
reduce_helper,606244416,2,1,1,2,32,0,1,0,1,1024,16,0,0,14
reduce_helper,893913472,1,1,1,1,32,0,1,0,1,1024,16,0,0,14
reduce_helper,80890144,32,8,8,4,32,0,1,0,1,1024,128,0,0,14
reduce_helper,2705792,1024,64,64,16,32,1,1,0,1,1024,1024,0,0,13
reduce_helper,40346048,64,8,8,8,32,0,1,0,1,1024,128,0,0,14
reduce_helper,19683232,128,1,1,128,32,0,1,0,1,1024,16,0,0,14
reduce_helper,158340160,16,4,4,4,32,0,1,0,1,1024,64,0,0,14
reduce_helper,477539936,4,2,2,2,32,0,1,0,1,1024,32,0,0,14
reduce_helper,1354016,2048,16,16,128,32,0,1,0,1,1024,256,0,0,13
reduce_helper,81876256,32,16,16,2,32,0,1,0,1,1024,256,0,0,13
reduce_helper,311432864,8,1,1,8,32,0,1,0,1,1024,16,0,0,14
reduce_helper,9998336,256,2,2,128,32,1,1,0,1,1024,32,0,0,14
reduce_helper,5233216,512,4,4,128,32,1,1,0,1,1024,64,0,0,14
reduce_helper,40759776,64,16,16,4,32,1,1,0,1,1024,256,0,0,13
reduce_helper,19798688,128,4,4,32,32,0,1,0,1,1024,64,0,0,14
reduce_helper,322723296,8,8,8,1,32,0,1,0,1,1024,128,0,0,14
reduce_helper,716224,4096,16,16,256,32,1,1,0,1,1024,256,0,0,13
reduce_helper,157943264,16,2,2,8,32,1,1,0,1,1024,32,0,0,14
reduce_helper,101760,524288,1024,1024,512,32,1,1,0,1,1024,16384,0,0,14
reduce_helper,79341280,32,4,4,8,32,1,1,0,1,1024,64,0,0,14
reduce_helper,490528,8192,512,512,16,32,1,1,0,1,1024,8192,0,0,14
reduce_helper,522144,8192,1024,1024,8,32,1,1,0,1,1024,16384,0,0,14
reduce_helper,1066112,4096,1024,1024,4,32,1,0,0,1,1024,16384,0,0,14
reduce_helper,5220896,512,2,2,256,32,1,1,0,1,1024,32,0,0,14
reduce_helper,1056480,4096,1024,1024,4,32,1,1,0,1,1024,16384,0,0,14
reduce_helper,39129184,64,1,1,64,32,1,1,0,1,1024,16,0,0,14
reduce_helper,78909728,32,2,2,16,32,1,1,0,1,1024,32,0,0,14
reduce_helper,311414240,8,1,1,8,32,1,1,0,1,1024,16,0,0,14
reduce_helper,2013472,2048,1024,1024,2,32,1,1,0,1,1024,16384,0,0,14
reduce_helper,155823264,16,1,1,16,32,1,1,0,1,1024,16,0,0,14
reduce_helper,232320,16384,64,64,256,32,1,1,0,1,1024,1024,0,0,13
reduce_helper,21386368,64,8,8,8,64,1,0,0,1,1024,256,0,0,16
reduce_helper,5449984,256,1,1,256,64,1,0,0,1,1024,32,0,0,16
reduce_helper,334251136,4,2,2,2,64,1,0,0,1,1024,64,0,0,16
reduce_helper,3224928,512,512,512,1,64,1,0,0,1,1024,16384,0,0,16
reduce_helper,162652672,16,16,16,1,32,1,0,0,1,1024,256,0,0,15
reduce_helper,43036416,32,8,8,4,64,1,0,0,1,1024,256,0,0,16
reduce_helper,621969408,2,2,2,1,32,1,0,0,1,1024,32,0,0,15
reduce_helper,86060000,16,8,8,2,64,1,0,0,1,1024,256,0,0,16
reduce_helper,155802432,16,1,1,16,32,0,1,0,1,1024,16,0,0,14
reduce_helper,79349280,32,4,4,8,32,0,1,0,1,1024,64,0,0,14
reduce_helper,313864768,8,4,4,2,32,1,0,0,1,1024,64,0,0,15
